Feature,Importance
Diag 01 Principal (cod+des),0.4570889364276554
Proced 01 Principal (cod+des),0.3079195858742118
Diag 03 Secundario (cod+des),0.06425715903845355
Diag 02 Secundario (cod+des),0.06150797163578086
Proced 02 Secundario (cod+des),0.058694500838307226
Edad en años,0.046801832991495866
Grupo_Edad,0.0036985791002239927
Sexo (Desc),3.143409387133527e-05
