Feature,Importance
Diag 01 Principal (cod+des),0.3131641458155643
Proced 01 Principal (cod+des),0.23780783894616253
Diag 02 Secundario (cod+des),0.13953825274900328
Proced 02 Secundario (cod+des),0.09749884198198622
Edad en años,0.08681069826947711
Diag 03 Secundario (cod+des),0.08537409362738645
Grupo_Edad,0.027183652146480438
Sexo (Desc),0.01262247646393974
